{
  "schema_version": "local-load-proof/v1",
  "generated_at": "2026-06-20T11:13:14.655Z",
  "environment": "test",
  "database": "better-sqlite3",
  "worker_count": 4,
  "tasks_per_worker": 5,
  "total_tasks": 20,
  "total_duration_ms": 2367.240084,
  "thresholds_ms": {
    "poll": {
      "p95": 2000,
      "p99": 5000
    },
    "claim": {
      "p95": 3000,
      "p99": 8000
    },
    "complete": {
      "p95": 3000,
      "p99": 8000
    },
    "e2e": {
      "p95": 6000,
      "p99": 15000
    }
  },
  "durations_ms": {
    "poll": {
      "p50": 214.98454149999998,
      "p95": 406.7177793999998,
      "p99": 426.31588947999984
    },
    "claim": {
      "p50": 1073.1732080000004,
      "p95": 1720.94115,
      "p99": 1801.7390299999997
    },
    "complete": {
      "p50": 215.49868800000013,
      "p95": 394.4701545000012,
      "p99": 1538.4941644999983
    },
    "e2e": {
      "p50": 1395.6555840000005,
      "p95": 1954.07501425,
      "p99": 2238.1562692499992
    }
  },
  "inbox_guarantees": {
    "every_task_ready_for_review": true,
    "every_dispatched_item_leased": true
  },
  "pass": true,
  "note": "Local-only, in-memory SQLite parity unless environment explicitly set to pg-parity. This is NOT a production PostgreSQL/network p95 guarantee."
}