{
  "schema_version": "local-load-proof/v1",
  "generated_at": "2026-06-20T11:01:32.260Z",
  "environment": "test",
  "database": "better-sqlite3",
  "worker_count": 4,
  "tasks_per_worker": 5,
  "total_tasks": 20,
  "total_duration_ms": 2544.094208,
  "thresholds_ms": {
    "poll": {
      "p95": 2000,
      "p99": 5000
    },
    "claim": {
      "p95": 3000,
      "p99": 8000
    },
    "complete": {
      "p95": 3000,
      "p99": 8000
    },
    "e2e": {
      "p95": 6000,
      "p99": 15000
    }
  },
  "durations_ms": {
    "poll": {
      "p50": 225.19839599999978,
      "p95": 374.0218607500002,
      "p99": 387.17480575000025
    },
    "claim": {
      "p50": 1174.9688124999998,
      "p95": 1975.7167746500002,
      "p99": 2067.6188877299996
    },
    "complete": {
      "p50": 229.50412550000055,
      "p95": 280.57822645,
      "p99": 280.7007452899999
    },
    "e2e": {
      "p50": 1399.4464374999998,
      "p95": 2149.13368575,
      "p99": 2152.08087075
    }
  },
  "inbox_guarantees": {
    "every_task_ready_for_review": true,
    "every_dispatched_item_leased": true
  },
  "pass": true,
  "note": "Local-only, in-memory SQLite parity unless environment explicitly set to pg-parity. This is NOT a production PostgreSQL/network p95 guarantee."
}