{
  "schema_version": "local-load-proof/v1",
  "generated_at": "2026-06-20T11:30:15.436Z",
  "environment": "test",
  "database": "better-sqlite3",
  "worker_count": 4,
  "tasks_per_worker": 5,
  "total_tasks": 20,
  "total_duration_ms": 2594.8469169999994,
  "thresholds_ms": {
    "poll": {
      "p95": 2000,
      "p99": 5000
    },
    "claim": {
      "p95": 3000,
      "p99": 8000
    },
    "complete": {
      "p95": 3000,
      "p99": 8000
    },
    "e2e": {
      "p95": 6000,
      "p99": 15000
    }
  },
  "durations_ms": {
    "poll": {
      "p50": 224.80720850000012,
      "p95": 422.6655536000002,
      "p99": 442.8279435200002
    },
    "claim": {
      "p50": 1130.4479795000002,
      "p95": 1902.2844128000004,
      "p99": 1997.4496489599999
    },
    "complete": {
      "p50": 241.0430624999999,
      "p95": 423.66406250000125,
      "p99": 1706.1080124999978
    },
    "e2e": {
      "p50": 1470.7140829999998,
      "p95": 2165.3957809,
      "p99": 2458.3407889799996
    }
  },
  "inbox_guarantees": {
    "every_task_ready_for_review": true,
    "every_dispatched_item_leased": true
  },
  "pass": true,
  "note": "Local-only, in-memory SQLite parity unless environment explicitly set to pg-parity. This is NOT a production PostgreSQL/network p95 guarantee."
}