{
  "schema_version": "local-load-proof/v1",
  "generated_at": "2026-06-20T11:04:20.929Z",
  "environment": "test",
  "database": "better-sqlite3",
  "worker_count": 4,
  "tasks_per_worker": 5,
  "total_tasks": 20,
  "total_duration_ms": 2458.0231660000004,
  "thresholds_ms": {
    "poll": {
      "p95": 2000,
      "p99": 5000
    },
    "claim": {
      "p95": 3000,
      "p99": 8000
    },
    "complete": {
      "p95": 3000,
      "p99": 8000
    },
    "e2e": {
      "p95": 6000,
      "p99": 15000
    }
  },
  "durations_ms": {
    "poll": {
      "p50": 221.43360400000006,
      "p95": 416.0536669999998,
      "p99": 435.9079669999998
    },
    "claim": {
      "p50": 1111.5196044999996,
      "p95": 1793.5893288500004,
      "p99": 1878.6180657699997
    },
    "complete": {
      "p50": 224.00733300000002,
      "p95": 411.9991753000014,
      "p99": 1602.7977014599978
    },
    "e2e": {
      "p50": 1445.96675,
      "p95": 2035.5477565500005,
      "p99": 2325.5062177099994
    }
  },
  "inbox_guarantees": {
    "every_task_ready_for_review": true,
    "every_dispatched_item_leased": true
  },
  "pass": true,
  "note": "Local-only, in-memory SQLite parity unless environment explicitly set to pg-parity. This is NOT a production PostgreSQL/network p95 guarantee."
}