{
  "schema_version": "local-load-proof/v1",
  "generated_at": "2026-06-20T11:35:54.133Z",
  "environment": "test",
  "database": "better-sqlite3",
  "worker_count": 4,
  "tasks_per_worker": 5,
  "total_tasks": 20,
  "total_duration_ms": 2639.1445409999997,
  "thresholds_ms": {
    "poll": {
      "p95": 2000,
      "p99": 5000
    },
    "claim": {
      "p95": 3000,
      "p99": 8000
    },
    "complete": {
      "p95": 3000,
      "p99": 8000
    },
    "e2e": {
      "p95": 6000,
      "p99": 15000
    }
  },
  "durations_ms": {
    "poll": {
      "p50": 232.202,
      "p95": 383.47956509999983,
      "p99": 396.8157802199998
    },
    "claim": {
      "p50": 1264.4941454999998,
      "p95": 2066.1041877999996,
      "p99": 2154.2303039599997
    },
    "complete": {
      "p50": 239.74158350000062,
      "p95": 317.6210649,
      "p99": 330.32481297999976
    },
    "e2e": {
      "p50": 1516.3234579999998,
      "p95": 2234.9163229,
      "p99": 2237.4938309800004
    }
  },
  "inbox_guarantees": {
    "every_task_ready_for_review": true,
    "every_dispatched_item_leased": true
  },
  "pass": true,
  "note": "Local-only, in-memory SQLite parity unless environment explicitly set to pg-parity. This is NOT a production PostgreSQL/network p95 guarantee."
}