{
  "schema_version": "local-load-proof/v1",
  "generated_at": "2026-06-20T11:13:04.785Z",
  "environment": "test",
  "database": "better-sqlite3",
  "worker_count": 4,
  "tasks_per_worker": 5,
  "total_tasks": 20,
  "total_duration_ms": 2416.224958,
  "thresholds_ms": {
    "poll": {
      "p95": 2000,
      "p99": 5000
    },
    "claim": {
      "p95": 3000,
      "p99": 8000
    },
    "complete": {
      "p95": 3000,
      "p99": 8000
    },
    "e2e": {
      "p95": 6000,
      "p99": 15000
    }
  },
  "durations_ms": {
    "poll": {
      "p50": 219.12322900000004,
      "p95": 415.89819194999995,
      "p99": 436.07747198999994
    },
    "claim": {
      "p50": 1090.8460420000004,
      "p95": 1754.0690247,
      "p99": 1837.82963854
    },
    "complete": {
      "p50": 219.7583125000001,
      "p95": 400.91476910000137,
      "p99": 1568.7532210199984
    },
    "e2e": {
      "p50": 1420.7825830000002,
      "p95": 1993.5497806500007,
      "p99": 2283.8088233299995
    }
  },
  "inbox_guarantees": {
    "every_task_ready_for_review": true,
    "every_dispatched_item_leased": true
  },
  "pass": true,
  "note": "Local-only, in-memory SQLite parity unless environment explicitly set to pg-parity. This is NOT a production PostgreSQL/network p95 guarantee."
}