{
  "schema_version": "local-load-proof/v1",
  "generated_at": "2026-06-20T10:34:04.002Z",
  "environment": "test",
  "database": "better-sqlite3",
  "worker_count": 4,
  "tasks_per_worker": 5,
  "total_tasks": 20,
  "total_duration_ms": 2676.0570839999996,
  "thresholds_ms": {
    "poll": {
      "p95": 2000,
      "p99": 5000
    },
    "claim": {
      "p95": 3000,
      "p99": 8000
    },
    "complete": {
      "p95": 3000,
      "p99": 8000
    },
    "e2e": {
      "p95": 6000,
      "p99": 15000
    }
  },
  "durations_ms": {
    "poll": {
      "p50": 232.1226459999998,
      "p95": 494.2671769,
      "p99": 522.21840178
    },
    "claim": {
      "p50": 1249.071729,
      "p95": 1890.6842413500003,
      "p99": 1979.63894827
    },
    "complete": {
      "p50": 238.78039549999949,
      "p95": 444.33977500000105,
      "p99": 1701.5131549999983
    },
    "e2e": {
      "p50": 1608.8036875,
      "p95": 2169.2249417000007,
      "p99": 2525.8559555399997
    }
  },
  "inbox_guarantees": {
    "every_task_ready_for_review": true,
    "every_dispatched_item_leased": true
  },
  "pass": true,
  "note": "Local-only, in-memory SQLite parity unless environment explicitly set to pg-parity. This is NOT a production PostgreSQL/network p95 guarantee."
}